,Film,director,Budget,Cumulative Worldwide Gross,year,rating,votes,synopsis,Action,Adventure,Sci-Fi,Thriller,Drama,Romance,Horror,Mystery,Biography,Crime,History,War,Western,Comedy,Music,Animation,Family,Fantasy,Sport,Musical,Documentary
1,Inception,Christopher Nolan,160000000.0,825532764.0,2010,8.8,2370719.0,"Dom Cobb is a skilled thief, the absolute best in the dangerous art of extraction, stealing valuable secrets from deep within the subconscious during the dream state, when the mind is at its most vulnerable. Cobb's rare ability has made him a coveted player in this treacherous new world of corporate espionage, but it has also made him an international fugitive and cost him everything he has ever loved. Now Cobb is being offered a chance at redemption. One last job could give him his life back but only if he can accomplish the impossible, inception. Instead of the perfect heist, Cobb and his team of specialists have to pull off the reverse: their task is not to steal an idea, but to plant one. If they succeed, it could be the perfect crime. But no amount of careful planning or expertise can prepare the team for the dangerous enemy that seems to predict their every move. An enemy that only Cobb could have seen coming.",True,True,True,True,False,False,False,False,False,False,False,False,False,False,False,False,False,False,False,False,False
2,Good Will Hunting,Gus Van Sant,10000000.0,225933435.0,1997,8.3,981725.0,"A touching tale of a wayward young man who struggles to find his identity, living in a world where he can solve any problem, except the one brewing deep within himself, until one day he meets his soul mate who opens his mind and his heart.",False,False,False,False,True,True,False,False,False,False,False,False,False,False,False,False,False,False,False,False,False
3,Cabin in the Woods,Drew Goddard,30000000.0,70768144.0,2011,7.0,424652.0,"Five teenagers head off for a weekend at a secluded cabin in the woods. They arrive to find they are quite isolated with no means of communicating with the outside world. When the cellar door flings itself open, they of course go down to investigate. They find an odd assortment of relics and curios, but when one of the women, Dana, reads from a book, she awakens a family of deadly zombie killers. However, there's far more going on than meets the eye.",False,False,False,True,False,False,True,True,False,False,False,False,False,False,False,False,False,False,False,False,False
4,Independence Day,Roland Emmerich,75000000.0,,1996,7.0,580406.0,"On July 2nd, communications systems worldwide are sent into chaos by a strange atmospheric interference. It is soon learned by the military that a number of enormous objects are on a collision course with Earth. At first thought to be meteors, they are later revealed to be gigantic spacecraft, piloted by a mysterious alien species. After attempts to communicate with the aliens go nowhere, David Levinson, an ex-scientist turned cable technician, discovers that the aliens are going to attack major points around the globe in less than a day. On July 3rd, the aliens all but obliterate New York, Los Angeles and Washington, as well as Paris, London, Houston and Moscow. The survivors set out in convoys towards Area 51, a strange government testing ground where it is rumored the military has a captured alien spacecraft of their own. The survivors devise a plan to fight back against the enslaving aliens, and July 4th becomes the day humanity will fight for its freedom. July 4th is their Independence Day...",True,True,True,False,False,False,False,False,False,False,False,False,False,False,False,False,False,False,False,False,False
5,Spotlight,Tom McCarthy,20000000.0,98275238.0,2015,8.1,474697.0,"When the Boston Globe's tenacious ""Spotlight"" team of reporters delves into allegations of abuse in the Catholic Church, their year-long investigation uncovers a decades-long cover-up at the highest levels of Boston's religious, legal, and government establishment, touching off a wave of revelations around the world.",False,False,False,False,True,False,False,False,True,True,False,False,False,False,False,False,False,False,False,False,False
6,Der Untergang,Oliver Hirschbiegel,13500000.0,92180910.0,2004,8.2,358487.0,"Charting the last 10 days of Hitler's life, from his 56th birthday on April 20th, 1945 to his suicide on April 30th, Downfall uses multiple characters to show the chaos of a country coming apart at the seams, from Hitler's henchman under the streets of Berlin, to the soldiers and civilians fighting and dying as the Soviet Army ravaged the city above. Nominated for an Oscar for Best Foreign Language Film in 2005.",False,False,False,False,True,False,False,False,True,False,True,True,False,False,False,False,False,False,False,False,False
7,V For Vendetta,James McTeigue,54000000.0,132511035.0,2005,8.2,1128659.0,"In the distant future, Evey Hammond is an average citizen of the United Kingdom, which is under the rule of the fascist and tyrannical Norsefire Party. She is an employee of the state-run British Television Network, but soon, she becomes the number one enemy of the state together with an enigmatic and larger-than-life freedom fighter known only by the letter ""V"". V informs Evey that she must hide in his underground lair for at least one year, and while she is reluctant to the idea at first, a bond soon forms between the two individuals. In the meanwhile, the mysterious past of V is gradually revealed to the police inspector tasked with capturing him, Eric Finch, and it is not long until he starts questioning everything his government stands for.",True,False,True,True,True,False,False,False,False,False,False,False,False,False,False,False,False,False,False,False,False
8,Cast Away,Robert Zemeckis,90000000.0,429632142.0,2000,7.8,599365.0,"Memphis-based FedEx operations executive Chuck Noland and grad student Kelly Frears have long dated and lived together, and despite each being the love of the other's life, have not gotten married because of their respective busy schedules, especially Chuck's as he is more often on business trips than he is at home. That marital status changes when on Christmas Day 1995 as Chuck is rushing off to catch yet another FedEx plane for a business trip, he gives Kelly a ring. That flight experiences technical difficulties, and goes down somewhere in the south Pacific. In a life raft, a relatively unharmed Chuck washes up on shore what he will learn is a deserted island, he unaware what has happened to any of his fellow flight mates, or the plane. However several of the packages on board for delivery do wash up on shore with him, those packages which he initially treats with respect. Chuck realizes that his priority is survival - which primarily means food, water, shelter and fire - and rescue. But survival is also in an emotional sense. To fulfill that emotional need, he has an heirloom pocket watch with Kelly's photo that she gave him as a Christmas present, and eventually opening the FedEx packages, a Wilson volleyball on which he paints a face and which he names Wilson. As time progresses, Chuck goes through a range of emotions, but if rescue is ever in the cards, he realizes that he has to find a way to get off the island, which is seemingly impossible in his circumstance due to the strong on shore surf he cannot get beyond without assistance. What Chuck may not fully realize is the longer he is not rescued, the harder it will be for him to return to his old life in its entirety if he ever is rescued. Although the thought of Kelly is what largely keeps him motivated to be rescued, Kelly, who probably believes him to be dead, may have moved on emotionally from him in the intervening time.",False,True,False,False,True,True,False,False,False,False,False,False,False,False,False,False,False,False,False,False,False
9,Tombstone,George P,25000000.0,,1993,7.8,152590.0,"After success cleaning up Dodge City, Wyatt Earp moves to Tombstone, Arizona, and wishes to get rich in obscurity. He meets his brothers there, as well as his old friend Doc Holliday. A band of outlaws that call themselves The Cowboys are causing problems in the region with various acts of random violence, and inevitably come into confrontation with Holliday and the Earps, which leads to a shoot-out at the O.K. Corral.",False,False,False,False,True,False,False,False,True,False,True,False,True,False,False,False,False,False,False,False,False
10,John Wick,Chad Stahelski,20000000.0,130888901.0,2014,7.4,643302.0,"With the untimely death of his beloved wife still bitter in his mouth, John Wick, the expert former assassin, receives one final gift from her--a precious keepsake to help John find a new meaning in life now that she is gone. But when the arrogant Russian mob prince, Iosef Tarasov, and his men pay Wick a rather unwelcome visit to rob him of his prized 1969 Mustang and his wife's present, the legendary hitman will be forced to unearth his meticulously concealed identity. Blind with revenge, John will immediately unleash a carefully orchestrated maelstrom of destruction against the sophisticated kingpin, Viggo Tarasov, and his family, who are fully aware of his lethal capacity. Now, only blood can quench the boogeyman's thirst for retribution.",True,False,False,True,False,False,False,False,False,True,False,False,False,False,False,False,False,False,False,False,False
11,John Wick: Chapter 2,Chad Stahelski,40000000.0,171539887.0,2017,7.4,440400.0,"Bound by an inescapable blood debt to the Italian crime lord, Santino D'Antonio, and with his precious 1969 Mustang still stolen, John Wick--the taciturn and pitiless assassin who thirsts for seclusion--is forced to visit Italy to honour his promise. But, soon, the Bogeyman will find himself dragged into an impossible task in the heart of Rome's secret criminal society, as every killer in the business dreams of cornering the legendary Wick who now has an enormous price on his head. Drenched in blood and mercilessly hunted down, John Wick can surely forget a peaceful retirement as no one can make it out in one piece.",True,False,False,True,False,False,False,False,False,True,False,False,False,False,False,False,False,False,False,False,False
12,John Wick: Chapter 3: Parabellum,Chad Stahelski,75000000.0,326709727.0,2019,7.4,351883.0,"In this third installment of the adrenaline-fueled action franchise, skilled assassin John Wick (Keanu Reeves) returns with a $14 million price tag on his head and an army of bounty-hunting killers on his trail. After killing a member of the shadowy international assassin's guild, the High Table, John Wick is excommunicado, but the world's most ruthless hit men and women await his every turn.",True,False,False,True,False,False,False,False,False,True,False,False,False,False,False,False,False,False,False,False,False
13,Das Boot Director's Cut,Wolfgang Petersen,14000000.0,73482661.0,1981,8.4,252827.0,"It is 1942 and the German submarine fleet is heavily engaged in the so-called ""Battle of the Atlantic"" to harass and destroy British shipping. With better escorts of the destroyer class, however, German U-boats have begun to take heavy losses. ""Das Boot"" is the story of the crew of one such U-Boat, with the film examining how these submariners maintained their professionalism as soldiers and attempted to accomplish impossible missions, all the while attempting to understand and obey the ideology of the government under which they served.",False,False,False,False,True,False,False,False,False,False,False,True,False,False,False,False,False,False,False,False,False
14,Gangs of New York,Martin Scorsese,100000000.0,193772504.0,2002,7.5,447894.0,"In the god-forsaken district of early-1860s Lower Manhattan known as the Five Points, the vicious Nativist, Bill ""The Butcher"" Cutting, is the supreme overlord of an area riddled with crime, prostitution, theft and murder, as the American Civil War still rages on. Sixteen whole years after the brutal murder of his father from Bill's blood-stained hands, an orphaned Irish-American, Amsterdam Vallon, returns to this melting pot of corruption to avenge his untimely death; however, a lot has changed since then. Who can remember the once-innocent boy and now a young man bent on revenge, who works his way up to the hierarchy of Five Points? Will Amsterdam ever taste the dangerous but sweet fruit of retribution?",False,False,False,False,True,False,False,False,False,True,False,False,False,False,False,False,False,False,False,False,False
15,Tropic Thunder,Ben Stiller,92000000.0,188072649.0,2008,7.1,422422.0,"Action movie star Tugg Speedman is on the downslide of his professional career. He wants to be considered a serious actor, but his latest serious role as the title character in ""Simple Jack"" resulted in negative reviews and ridicule. Comedian Jeff Portnoy is best known for his leading roles in sophomoric comedies, and may be less well known for his rampant drug use. Five time Oscar winner Kirk Lazarus is a serious method actor, who immerses himself in whatever the role. On location in southeast Vietnam, they are the stars of ""Tropic Thunder"", based on Vietnam war veteran 'Four Leaf' Tayback's memoirs of his rescue during the war, that rescue which was considered a near suicide mission for the assigned army force and resulted in him losing both hands. For his role, Caucasian Australian Lazarus even went through a controversial surgical skin dying procedure so that he could convincingly play a black man. Production is not going well since rookie director Damien Cockburn is unable to control the prima-donna attitude of his three stars. Cockburn and Tayback decide that the five primary actors - Speedman, Portnoy, Lazarus, rapper Alpa Chino, and newcomer Kevin Sandusky - need to work together as a unit as did their real life characters. The five are placed in the middle of the jungle, and with only a map and their prop machine guns in hand, are asked to work together to battle through the stunt pyrotechnics in their way. What none of the seven of them know is that they have been dropped into a real life drug war led by the Flaming Dragons. It isn't until Speedman is captured by the Flaming Dragons and tortured that they all realize that what they believed was make believe gunfire and land mines was actually real life. As the four actors try to figure out what to do concerning Speedman's situation, all five go through their own journey of self-discovery. Meanwhile, the movie's megalomaniacal profanity spewing producer Les Grossman and Speedman's faithful agent Rick Peck argue about what to do about Speedman's situation. And Tayback inadvertently shows a little of his true self.",True,False,False,False,False,False,False,False,False,False,False,True,False,True,False,False,False,False,False,False,False
16,The Dark Knight,Christopher Nolan,185000000.0,1004558.0,2008,9.0,2672351.0,"Set within a year after the events of Batman Begins (2005), Batman, Lieutenant James Gordon, and new District Attorney Harvey Dent successfully begin to round up the criminals that plague Gotham City, until a mysterious and sadistic criminal mastermind known only as ""The Joker"" appears in Gotham, creating a new wave of chaos. Batman's struggle against The Joker becomes deeply personal, forcing him to ""confront everything he believes"" and improve his technology to stop him. A love triangle develops between Bruce Wayne, Dent, and Rachel Dawes.",True,False,False,True,True,False,False,False,False,True,False,False,False,False,False,False,False,False,False,False,False
17,Leon: The Professional,Luc Besson,115000000.0,45501238.0,1994,8.5,1170257.0,"After her father, step-mother, step-sister and little brother are killed by her father's employers, the 12-year-old daughter of an abject drug dealer manages to take refuge in the apartment of a professional hitman who at her request teaches her the methods of his job so she can take her revenge on the corrupt DEA agent who ruined her life by killing her beloved brother.",True,False,False,True,True,False,False,False,False,True,False,False,False,False,False,False,False,False,False,False,False
18,Whiplash,Damien Chazelle,3300000.0,48982041.0,2014,8.5,875726.0,"Nineteen-year-old Andrew Niemann wants to be the greatest jazz drummer in the world, in a league with Buddy Rich. This goal is despite not coming from a pedigree of greatest, musical or otherwise, with Jim, his high-school-teacher father, being a failed writer. Andrew is starting his first year at Shaffer Conservatory of Music, the best music school in the United States. At Shaffer, being the best means being accepted to study under Terence Fletcher and being asked to play in his studio band, which represents the school at jazz competitions. Based on their less than positive first meeting, Andrew is surprised that Fletcher asks him to join the band, albeit in the alternate drummer position which he is more than happy to do initially. Andrew quickly learns that Fletcher operates on fear and intimidation, never settling for what he considers less than the best each and every time. Being the best in Fletcher's mind does not only entail playing well, but knowing that you're playing well and if not what you're doing wrong. His modus operandi creates an atmosphere of fear and of every man or woman for him/herself within the band. Regardless, Andrew works hard to be the best. He has to figure out his life priorities and what he is willing to sacrifice to be the best. The other question becomes how much emotional abuse he will endure by Fletcher to reach that greatness, which he may believe he can only achieve with the avenues opened up by Fletcher.",False,False,False,False,True,False,False,False,False,False,False,False,False,False,True,False,False,False,False,False,False
19,Rush Hour,Brett Ratner,33000000.0,244386864.0,1998,7.0,274380.0,"Cultures clash and tempers flares as the two cops named Detective Inspector Lee a Hong Kong Detective and Detective James Carter FBI, a big-mouthed work-alone Los Angeles cop who are from different worlds discovers one thing in common: they can't stand each other. With time running out, they must join forces to catch the criminals and save the eleven-year-old Chinese girl of the Chinese consul named Soo Yung.",True,False,False,True,False,False,False,False,False,True,False,False,False,True,False,False,False,False,False,False,False
20,Spider-Man: Into the Spider-Verse,Bob Persichetti,90000000.0,375540831.0,2018,8.4,540013.0,"Phil Lord and Christopher Miller, the creative minds behind The Lego Movie and 21 Jump Street, bring their unique talents to a fresh vision of a different Spider-Man Universe, with a groundbreaking visual style that's the first of its kind. ""Spider-Man(TM): Into the Spider-Verse"" introduces Brooklyn teen Miles Morales (Shameik Moore), and the limitless possibilities of the Spider-Verse, where more than one can wear the mask.",True,True,True,False,False,False,False,False,False,False,False,False,False,True,False,True,True,True,False,False,False
21,Ford v Ferrari,James Mangold,97600000.0,225507881.0,2019,8.1,402627.0,"As Enzo Ferrari's fast Rosso-Corsa racing cars dominate the mid-1960s motorsport world, the American car designer, Carroll Shelby, is forced to retire after winning the demanding 1959 '24 Hours of Le Mans' endurance race. But, before long, an unexpected proposition by the Vice President of Henry Ford's motor company, Lee Iacocca, will offer an opportunity to beat the Italians at their own game. Now, under those pressing circumstances, the British sports car driver and racing engineer, Ken Miles, reluctantly agrees to lend a hand and improve the firm's image, as Ford's race team has less than ninety days to rewrite history. As a result, the non-conformist duo comes up with the mighty Ford GT40 Mk I high-performance racing car. Can Shelby and Miles break Ferrari's streak?",True,False,False,False,True,False,False,False,True,False,False,False,False,False,False,False,False,False,True,False,False
22,Team America World Police,Trey Parker,30000000.0,,2004,7.2,171700.0,"The North American counter-terrorism force Team America attacks a group of terrorists in Paris. Later, the leader of the organization, Spottswoode, invites the famous Broadway actor Gary Johnston to join his world police and work undercover in Cairo, infiltrating a terrorist organization in the hope they will disclose their plan of destroying the world. Team America destroy the cell of terrorists, but then the Panama Canal is attacked by the criminals as a payback. Gary feels responsible for the death of many innocents and leaves the counter-terrorism organization. When the leader of North Korea, Kim Jong Il, joins a group of pacifist actors and actresses with the intention of using weapons of massive destruction, Team America tries to avoid the destruction of the world.",True,False,False,False,False,False,False,False,False,False,False,False,False,True,False,False,False,False,False,False,False
23,The Founder,John Lee Hancock,25000000.0,24403192.0,2016,7.2,154737.0,"1954. Having worked as a salesman most of his adult life, Ray Kroc has been a hustler in most senses of the word. That hustling has made him the target of derision among certain circles for peddling what have ended up being more novelty or faddish than useful products, but it has also placed more than a comfortable roof in Arlington Heights, Illinois over his and his wife Ethel's heads. Ethel, however, wishes that he placed as much effort into being at home with her as he does in selling; his current job of peddling five-spindle milkshake makers for Prince Castle which has him constantly on the road going from one drive-in restaurant to another. It is because of the beefs he has with the whole drive-in experience (bad food, bad service) in constantly eating at such establishments while on the road that he becomes enthralled with the concept of McDonald's Restaurant in San Bernardino, California, owned and operated by brothers Richard McDonald and Maurice McDonald - Dick and Mac. Unlike most of Ray's customers who will only require one five-spindle milkshake maker at any given time, the McDonald brothers end up purchasing eight machines for their single restaurant. Primarily on Dick's initiative, the brothers have redesigned the whole concept of the drive-in restaurant to focus on quality food through a smaller menu of only the most popular items (hamburgers, fries, sodas), consistency in product so that customers know what to expect from time to time, change in the target market from lounging teenagers to families, and perhaps most importantly speed in having any order ready within seconds, many of these goals achievable through assembly line styled production. They had tried franchising previously, but failed in that they lost control over many of those aspects which made their San Bernardino restaurant successful. Despite believing Ray a bit off kilter (in other words, crazy), the McDonald brothers somewhat hesitantly enter into a contract with him to be their head of franchising. Ray's experience in the job is not without its problems, especially as his franchisees seem to be making more money than he is, he who is only breaking even. He is not averse to advancing ideas provided to him to get ahead - original ideas which are not his forte - he seeing the brothers as his biggest problem in they thinking small. These differences lead to a standoff between Ray and the brothers, the former who has a different goal for ""his"" business in profit and stoking his own ego seemingly his main priorities.",False,False,False,False,True,False,False,False,True,False,False,False,False,False,False,False,False,False,False,False,False
24,Airplane!,Jim Abrahams,3500000.0,,1980,7.7,244162.0,"Drowning his sorrows after that botched mission during WWII, the traumatised former fighter pilot with a fear of flying, Ted Striker, still hasn't got over his old flame and flight attendant, Elaine Dickinson. Determined to win her back, Ted boards a domestic flight from Los Angeles to Chicago, only to come face-to-face with a severe case of in-flight food poisoning that is threatening everyone's lives. Now, with most of the passengers and the entire cockpit crew down with the food-borne illness, Striker has no other choice but to confront his inner demons and take over the control of the ungovernable aircraft with the help of a gruff air-traffic controller and his former commander. Can Ted land the plane and save them all?",False,False,False,False,False,False,False,False,False,False,False,False,False,True,False,False,False,False,False,False,False
25,Kill Bill Vol 1,Quentin Tarantino,30000000.0,180949045.0,2003,8.2,1124203.0,"The lead character, called 'The Bride,' was a member of the Deadly Viper Assassination Squad, led by her lover 'Bill.' Upon realizing she was pregnant with Bill's child, 'The Bride' decided to escape her life as a killer. She fled to Texas, met a young man, who, on the day of their wedding rehearsal was gunned down by an angry and jealous Bill (with the assistance of the Deadly Viper Assassination Squad). Four years later, 'The Bride' wakes from a coma, and discovers her baby is gone. She, then, decides to seek revenge upon the five people who destroyed her life and killed her baby. The saga of Kill Bill Volume I begins.",True,False,False,True,True,False,False,False,False,True,False,False,False,False,False,False,False,False,False,False,False
26,Kill Bill Vol 2,Quentin Tarantino,30000000.0,152159461.0,2004,8.0,763626.0,"The murderous Bride is back and she is still continuing her vengeance quest against her ex-boss, Bill, and taking aim at Bill's younger brother Budd and Elle Driver, the only survivors from the squad of assassins who betrayed her four years earlier. It's all leading up to the ultimate confrontation with Bill, the Bride's former master and the man who ordered her execution!",True,False,False,True,False,False,False,False,False,True,False,False,False,False,False,False,False,False,False,False,False
27,Karate Kid,John G,8000000.0,,1984,7.3,229530.0,"Daniel and his mother move from New Jersey to California. She has a wonderful new job, but Daniel quickly discovers that a dark haired Italian boy with a Jersey accent doesn't fit into the blond surfer crowd. Daniel manages to talk his way out of some fights, but he is finally cornered by several who belong to the same karate school. As Daniel is passing out from the beating he sees Miyagi, the elderly gardener leaps into the fray and save him by outfighting half a dozen teenagers. Miyagi and Daniel soon find out the real motivator behind the boys' violent attitude in the form of their karate teacher. Miyagi promises to teach Daniel karate and arranges a fight at the all-valley tournament some months off. When his training begins, Daniel doesn't understand what he is being shown. Miyagi seems more interested in having Daniel paint fences and wax cars than teaching him Karate.",True,False,False,False,True,False,False,False,False,False,False,False,False,False,False,False,True,False,True,False,False
28,The Incredibles,Brad Bird,92000000.0,631442092.0,2004,8.0,746399.0,"Bob Parr (A.K.A. Mr. Incredible), and his wife Helen (A.K.A. Elastigirl), are the world's greatest famous crime-fighting superheroes in Metroville, always saving lives and battling evil on a daily basis. But 15 years later, they have been forced to adopt civilian identities and retreat to the suburbs where they have no choice but to retire as superheroes to live a ""normal life"" with their three children Violet, Dash and Jack-Jack, who were born with secret superpowers. Itching to get back into action, Bob gets his chance when a mysterious communication summons him to a remote island for a top-secret assignment. He soon discovers that it will take a super family effort to rescue the world from total destruction.",True,True,False,False,False,False,False,False,False,False,False,False,False,False,False,True,True,False,False,False,False
29,Schindler's List,Steven Spielberg,22000000.0,221000000.0,1993,9.0,1364255.0,"Oskar Schindler is a vain and greedy German businessman who becomes an unlikely humanitarian amid the barbaric German Nazi reign when he feels compelled to turn his factory into a refuge for Jews. Based on the true story of Oskar Schindler who managed to save about 1100 Jews from being gassed at the Auschwitz concentration camp, it is a testament to the good in all of us.",False,False,False,False,True,False,False,False,True,False,True,False,False,False,False,False,False,False,False,False,False
30,Hero,Anirudh Iyer,450000000.0,,2022,7.3,23331.0,,True,False,False,True,False,False,False,False,False,True,False,False,False,True,False,False,False,False,False,False,False
31,Scott Pilgrim vs the World,Edgar Wright,60000000.0,132000000.0,2010,7.5,432891.0,"Scott Pilgrim plays in a band which aspires to success. He dates Knives Chau, a high-school girl five years younger, and he hasn't recovered from being dumped by his former girlfriend, now a success with her own band. When Scott falls for Ramona Flowers, he has trouble breaking up with Knives and tries to romance Ramona. As if juggling two women wasn't enough, Ramona comes with baggage: seven ex-lovers, with each of whom Scott must do battle to the death in order to win Ramona.",True,False,False,False,False,True,False,False,False,False,False,False,False,True,False,False,False,True,False,False,False
32,Gladiator,Ridley Scott,103000000.0,457640427.0,2000,8.5,1511133.0,"Maximus is a powerful Roman general, loved by the people and the aging Emperor, Marcus Aurelius. Before his death, the Emperor chooses Maximus to be his heir over his own son, Commodus, and a power struggle leaves Maximus and his family condemned to death. The powerful general is unable to save his family, and his loss of will allows him to get captured and put into the Gladiator games until he dies. The only desire that fuels him now is the chance to rise to the top so that he will be able to look into the eyes of the man who will feel his revenge.",True,True,False,False,True,False,False,False,False,False,False,False,False,False,False,False,False,False,False,False,False
33,Citizen Kane,Orson Welles,839727.0,,1941,8.3,445346.0,"A group of reporters are trying to decipher the last word ever spoken by Charles Foster Kane, the millionaire newspaper tycoon: ""Rosebud."" The film begins with a news reel detailing Kane's life for the masses, and then from there, viewers are shown flashbacks from Kane's life. As the reporters investigate further, the viewers see a display of a fascinating man's rise to fame, and how he eventually fell off the top of the world.",False,False,False,False,True,False,False,True,False,False,False,False,False,False,False,False,False,False,False,False,False
34,The Hunt for Red October,John McTiernan,30000000.0,200512643.0,1990,7.5,204326.0,"In November 1984, at the height of the Cold War, the Soviet Union creates a new nuclear submarine that runs silent due to a revolutionary propulsion system. The Russian submarine captain, Marko Ramius (Sir Sean Connery), defects. His goal is taking it to the U.S. to prevent the Russians from using it to start nuclear war against the U.S.",True,True,False,True,False,False,False,False,False,False,False,False,False,False,False,False,False,False,False,False,False
35,A Few Good Men,Rob Reiner,40000000.0,243240178.0,1992,7.7,268757.0,"In this dramatic courtroom thriller, LT Daniel Kaffee, a Navy lawyer who has never seen the inside of the courtroom, defends two stubborn Marines who have been accused of murdering a colleague. Kaffee is known as being lazy and had arranged for a plea bargain. Downey's Aunt Ginny appoints Cmdr. Galloway to represent him. Also on the legal staff is LTJG Sam Weinberg. The team rounds up many facts and Kaffee is discovering that he is really cut out for trial work. The defense is originally based upon the fact that PFC Santiago, the victim, was given a ""CODE RED"". Santiago was basically a screw-up. At Gitmo, screw-ups aren't tolerated. Especially by Col. Nathan Jessup. In Cuba, Jessup and two senior officers try to give all the help they can, but Kaffee knows something's fishy. In the conclusion of the film, the fireworks are set off by a confrontation between Jessup and Kaffee.",False,False,False,True,True,False,False,False,False,False,False,False,False,False,False,False,False,False,False,False,False
36,American History X,Tony Kaye,7500000.0,23875127.0,1998,8.5,1129317.0,"Derek Vineyard is paroled after serving 3 years in prison for brutally killing two black men who tried to break into/steal his truck. Through his brother's, Danny Vineyard, narration, we learn that before going to prison, Derek was a skinhead and the leader of a violent white supremacist gang that committed acts of racial crime throughout L.A. and his actions greatly influenced Danny. Reformed and fresh out of prison, Derek severs contact with the gang and becomes determined to keep Danny from going down the same violent path as he did.",False,False,False,False,True,False,False,False,False,True,False,False,False,False,False,False,False,False,False,False,False
37,Hot Fuzz,Edgar Wright,8000000.0,80573774.0,2007,7.8,510834.0,"Top London cop PC Nicholas Angel is good. Too good. To stop the rest of his team looking bad, he is reassigned to the quiet town of Sandford. He is paired with Danny Butterman, who endlessly questions him on the action lifestyle. Everything seems quiet for Angel until two actors are found decapitated. It is called an accident, but Angel won't accept that, especially when more and more people turn up dead. Angel and Danny clash with everyone while they try to uncover the truth behind the mystery of the apparent ""accidents"".",True,False,False,True,False,False,False,True,False,False,False,False,False,True,False,False,False,False,False,False,False
38,2001: A Space Odyssey,Stanley Kubrick,12000000.0,190700000.0,1968,8.3,674612.0,"""2001"" is a story of evolution. Sometime in the distant past, someone or something nudged evolution by placing a monolith on Earth (presumably elsewhere throughout the universe as well). Evolution then enabled humankind to reach the moon's surface, where yet another monolith is found, one that signals the monolith placers that humankind has evolved that far. Now mankind, assisted by artificial intelligence (such as HAL), must dare to encounter the monolith placers. If successful we will achieve the next step in evolution, whatever that may be.",False,True,True,False,False,False,False,False,False,False,False,False,False,False,False,False,False,False,False,False,False
39,The Thing,John Carpenter,15000000.0,7821228.0,1982,8.2,430512.0,"A US research station, Antarctica, early-winter 1982. The base is suddenly buzzed by a helicopter from the nearby Norwegian research station. They are trying to kill a dog that has escaped from their base. After the destruction of the Norwegian chopper the members of the US team fly to the Norwegian base, only to discover them all dead or missing. They do find the remains of a strange creature the Norwegians burned. The Americans take it to their base and deduce that it is an alien life form. After a while it is apparent that the alien can take over and assimilate into other life forms, including humans, and can spread like a virus. This means that anyone at the base could be inhabited by The Thing, and tensions escalate.",False,False,True,False,False,False,True,True,False,False,False,False,False,False,False,False,False,False,False,False,False
40,Ghostbusters,Ivan Reitman,30000000.0,291632124.0,1984,7.8,420655.0,"Peter Venkman, Ray Stantz and Egon Spengler work at Columbia University. where they delve into the paranormal and fiddle with many unethical experiments on their students. As they are kicked out of the University, they really understand the paranormal and go into business for themselves. Under the new snazzy business name of 'Ghostbusters', and living in the old firehouse building they work out of, they are called to rid New York City of paranormal phenomenon at everyone's whim. - for a price. They make national press as the media reports the Ghostbusters are the cause of it all. Thrown in jail by the EPA, the mayor takes a chance and calls on them to help save the city. Unbeknownst to all, a long dead Gozer worshiper (Evo Shandor) erected a downtown apartment building which is the cause of all the paranormal activity. They find out the building could resurrect the ancient Hittite god, Gozer, and bring an end to all of humanity. Who are you gonna call to stop this terrible world-ending menace?",True,False,True,False,False,False,False,False,False,False,False,False,False,True,False,False,False,True,False,False,False
41,Alien,Ridley Scott,11000000.0,203630630.0,1979,8.5,889560.0,"In the distant future, the crew of the commercial spaceship Nostromo are on their way home when they pick up a distress call from a distant moon. The crew are under obligation to investigate and the spaceship descends on the moon afterwards. After a rough landing, three crew members leave the spaceship to explore the area on the moon. At the same time as they discover a hive colony of some unknown creature, the ship's computer deciphers the message to be a warning, not a distress call. When one of the eggs is disturbed, the crew realizes that they are not alone on the spaceship and they must deal with the consequences.",False,False,True,False,False,False,True,False,False,False,False,False,False,False,False,False,False,False,False,False,False
42,12 Years A Slave,Steve McQueen,20000000.0,187733202.0,2013,8.1,706721.0,"Based on an incredible true story of one man's fight for survival and freedom. In the pre-Civil War United States, Solomon Northup, a free black man from upstate New York, is abducted and sold into slavery. Facing cruelty personified by a malevolent slave owner, as well as unexpected kindnesses, Solomon struggles not only to stay alive, but to retain his dignity. In the twelfth year of his unforgettable odyssey, Solomon's chance meeting with a Canadian abolitionist will forever alter his life.",False,False,False,False,True,False,False,False,True,False,True,False,False,False,False,False,False,False,False,False,False
43,Batman & Robin,Joel Schumacher,125000000.0,238207122.0,1997,3.7,256770.0,"Batman and Robin are back working side-by-side to stop the villains of Gotham City, but is there tension appearing between them, especially when one villainess who calls herself Poison Ivy can make anyone fall in love with her...literally. Along with Poison Ivy, the icy Mr. Freeze is freezing anything which gets in his way from achieving his goal.",True,False,True,False,False,False,False,False,False,False,False,False,False,False,False,False,False,False,False,False,False
44,Creed,Michael B,,,2023,,,"After dominating the boxing world, Adonis Creed (Michael B. Jordan) has been thriving in both his career and family life. When childhood friend and former boxing prodigy Damian (Jonathan Majors) resurfaces after serving a long sentence in prison, he is eager to prove that he deserves his shot in the ring. The face off between former friends is more than just a fight. To settle the score, Adonis must put his future on the line to battle Damian--a fighter who has nothing to lose.",False,False,False,False,True,False,False,False,False,False,False,False,False,False,False,False,False,False,True,False,False
45,The Deer Hunter,Michael Cimino,15000000.0,,1978,8.1,342453.0,"Michael, Steven and Nicky are 3 best friends who enjoy going deer hunting quite often. These men get enlisted to head to Vietnam to fight for their country and celebrate with a farewell party, as well as Steven marrying a pregnant woman named ""Angela."" After the horrors during the war and edge-grabbing games of Russian Roulette that these men are forced to play, Michael returns home and realizes that his deer hunting outings aren't the same as they used to be, because of the war and he eventually finds out that Steven is handicapped and Nicky hasn't returned from Vietnam, and in response, he heads back to Vietnam to rescue him.",False,False,False,False,True,False,False,False,False,False,False,True,False,False,False,False,False,False,False,False,False
46,Oldboy,Park Chan,3000000.0,14980005.0,2003,8.4,585291.0,"Oh Dae-Su, an obnoxious drunk abducted on a rainy night in 1988, wakes up in a strange, windowless hotel room. Kept under lock and key for an unknown reason, Oh Dae-Su's invisible captors keep him fed and systematically sedated to avert suicide, providing only a colour television to keep him company. And after fifteen long years in captivity, perplexed Oh Dae-Su finds himself released. Now, his pitiless abductors encourage Oh Dae-Su to track down the ones behind the mysterious kidnapping and finally get his brutal, longed-for revenge on the unknown tormentor. However, who would hate Oh Dae-Su so much that he would deny him a quick and clean death?",True,False,False,True,True,False,False,True,False,False,False,False,False,False,False,False,False,False,False,False,False
47,American Beauty,Sam Mendes,15000000.0,226200000.0,1999,8.4,1160863.0,"After his death sometime in his 43rd year, suburbanite Lester Burnham tells of the last few weeks of his life, during which he had no idea of his imminent passing. He is a husband to real estate agent Carolyn Burnham and father to high school student Jane Burnham. Although Lester and Carolyn once loved each other, they now merely tolerate each other. Typical wallflower Jane also hates both her parents; the three suffer individually in silence in their home life. Jane tries to steer clear of both her parents. Carolyn, relatively new to the real estate business, wants to create the persona of success to further her career, aspiring to the professional life of Buddy Kane, the king of the real estate business in their neighborhood. Lester merely walks mindlessly through life, including at his job in advertising. His company is downsizing, and he, like all the other employees, has to justify his position to the newly hired efficiency expert to keep his job. Things change for Lester when he falls in love at first sight with Jane's more experienced classmate, Angela Hayes. Both Janie and Angela can see Lester's sexual infatuation with Angela, who courts such attention from any man as a sign that she is model material, she having once appeared in Seventeen and is a career to which she aspires. Lester's infatuation with Angela gives him a reenergized view on life, where he openly doesn't care anymore what anyone thinks about what he does, anyone except Angela. This infatuation coincides with the Fittses moving in next door: homophobic disciplinarian US Marine Colonel Frank Fitts who rules the house with a military fist (that fist being both figurative and literal), his semi-comatose wife Barbara Fitts, and their bright and quietly subversive 18-year-old son Ricky Fitts, who openly abides by his father's rules while behind the scenes lives by his own quite different perspective. Much like Lester's infatuation, Ricky immediately becomes infatuated with Jane; he considers girls like Angela as ordinary. The entry of Angela and the Fittses into the Burnhams' lives ultimately leads to each of the players confronting what is truly in his or her heart.",False,False,False,False,True,False,False,False,False,False,False,False,False,False,False,False,False,False,False,False,False
48,The Matrix,Lana Wachowski,63000000.0,463517383.0,1999,8.7,1925822.0,"Thomas A. Anderson is a man living two lives. By day he is an average computer programmer and by night a hacker known as Neo. Neo has always questioned his reality, but the truth is far beyond his imagination. Neo finds himself targeted by the police when he is contacted by Morpheus, a legendary computer hacker branded a terrorist by the government. As a rebel against the machines, Neo must confront the agents: super-powerful computer programs devoted to stopping Neo and the entire human rebellion.",True,False,True,False,False,False,False,False,False,False,False,False,False,False,False,False,False,False,False,False,False
49,The Matrix Reloaded,Lana Wachowski,150000000.0,742128461.0,2003,7.2,600548.0,"In this second adventure, Neo and the rebel leaders estimate that they have 72 hours until Zion falls under siege to the Machine Army. Only a matter of hours separates the last human enclave on Earth from 250,000 Sentinels programmed to destroy mankind. But the citizens of Zion, emboldened by Morpheus conviction that the One will fulfill the Oracles Prophecy and end the war with the Machines, rest all manner of hope and expectation on Neo, who finds himself stalled by disturbing visions as he searches for a course of action.",True,False,True,False,False,False,False,False,False,False,False,False,False,False,False,False,False,False,False,False,False
50,The Big Lebowski,Joel Coen,15000000.0,46189568.0,1998,8.1,815423.0,"When ""the dude"" Lebowski is mistaken for a millionaire Lebowski, two thugs urinate on his rug to coerce him into paying a debt he knows nothing about. While attempting to gain recompense for the ruined rug from his wealthy counterpart, he accepts a one-time job with high pay-off. He enlists the help of his bowling buddy, Walter, a gun-toting Jewish-convert with anger issues. Deception leads to more trouble, and it soon seems that everyone from porn empire tycoons to nihilists want something from The Dude.",False,False,False,False,False,False,False,False,False,True,False,False,False,True,False,False,False,False,False,False,False
51,Borat,Larry Charles,18000000.0,261572744.0,2006,7.3,416030.0,"Borat Sagdiyev is a TV reporter of a popular show in Kazakhstan as Kazakhstan's sixth most famous man and a leading journalist. He is sent from his home to America by his government to make a documentary about American society and culture. Borat takes a course in New York City to understand American humor. While watching Baywatch on TV, Borat discovers how beautiful their women are in the form of C. J. Parker, who was played by actress Pamela Anderson who hails from Malibu, California. He decides to go on a cross-country road trip to California in a quest to make her his wife and take her back to his country. On his journey Borat and his producer encounter a country full of strange and wonderful Americans, real people in real chaotic situations with hysterical consequences.",False,False,False,False,False,False,False,False,False,False,False,False,False,True,False,False,False,False,False,False,False
52,The Lighthouse,Robert Eggers,11000000.0,,2019,7.4,223026.0,"As the wavering cry of the foghorn fills the air, the taciturn former lumberjack, Ephraim Winslow, and the grizzled lighthouse keeper, Thomas Wake, set foot in a secluded and perpetually grey islet off the coast of late-19th-century New England. For the following four weeks of back-breaking work and unfavourable conditions, the tight-lipped men will have no one else for company except for each other, forced to endure irritating idiosyncrasies, bottled-up resentment, and burgeoning hatred. Then, amid bad omens, a furious and unending squall maroons the pale beacon's keepers in the already inhospitable volcanic rock, paving the way for a prolonged period of feral hunger; excruciating agony; manic isolation, and horrible booze-addled visions. Now, the eerie stranglehold of insanity tightens. Is there an escape from the wall-less prison of the mind?",False,False,False,True,True,False,False,True,False,False,False,False,False,False,False,False,False,True,False,False,False
53,Anchorman,Adam McKay,26000000.0,90574188.0,2004,7.1,362202.0,"In 1970s San Diego, journalism was a well respected profession and people actually cared about what they saw on TV. And the top rated anchor man in the city is Ron Burgundy. He enjoys his run at the top, and has for the last five years. And his news team is equally as good as he is. Professional jock and former professional baseball player Champ Kind handles the sports, the curiously dim witted Brick Tamland - who's a few channels short of a cable subscription - handles the weather, and ladies' man Brian Fantana - whose collection of fine scents would be in the Guinness Book Of Records - handles the on-field reporting. But now all that is about to change forever. The TV station Burgundy works for, Channel 4, has embraced diversity and has hired a beautiful new female anchor named Veronica Corningstone. While Ron Burgundy and the rest of the Channel 4 news team enjoys fighting with competitors, drinking, and flirting with the ladies, Veronica quietly climbs her way to the top. And Veronica's success drives Ron Burgundy crazy. So much that Veronica's meddling causes Ron to get demoted and ultimately lose his job with Channel 6. Now left with nothing, Ron must find a way to get back to the top - and that involves a story about a rare Chinese panda giving birth on US soil. Will Ron be the one to report the story on a national level?",False,False,False,False,False,False,False,False,False,False,False,False,False,True,False,False,False,False,False,False,False
54,The Warriors,Walter Hill,4000000.0,,1979,7.5,104486.0,"Cyrus, the leader of the most powerful gang in New York City, the Gramercy Riffs, calls a midnight summit for all the area gangs, with all asked to send nine unarmed representatives for the conclave. A gang called The Warriors are blamed for killing Cyrus as he gives his speech. They now have to cross the territory of rivals in order to get to their own 'hood. The Warriors slowly cross the dangerous Bronx and Manhattan territories, narrowly escaping police and other gangs every step of the way.",True,False,False,True,False,False,False,False,False,True,False,False,False,False,False,False,False,False,False,False,False
55,Monty Python and the Holy Grail,Terry Gilliam,229575.0,5028948.0,1975,8.2,545669.0,"History is turned on its comic head when, in tenth-century England, King Arthur travels the countryside to find knights who will join him at the Round Table in Camelot. Gathering up the men is a tale in itself but after a bit of a party at Camelot, many decide to leave only to be stopped by God, who sends them on a quest: to find the Holy Grail. After a series of individual adventures, the knights are reunited but must face a wizard named Tim the Enchanter, killer rabbits and lessons in the use of holy hand grenades. Their quest comes to an end however when the Police intervene - just what you would expect in a Monty Python movie.",False,True,False,False,False,False,False,False,False,False,False,False,False,True,False,False,False,True,False,False,False
56,Spider-Man: Far From Home,Jon Watts,160000000.0,1131927.0,2019,7.4,501278.0,"Our friendly neighborhood Super Hero decides to join his best friends Ned, MJ, and the rest of the gang on a European vacation. However, Peter's plan to leave super heroics behind for a few weeks are quickly scrapped when he begrudgingly agrees to help Nick Fury uncover the mystery of several elemental creature attacks, creating havoc across the continent.",True,True,True,False,False,False,False,False,False,False,False,False,False,True,False,False,False,False,False,False,False
57,Spider-Man: No Way Home,Jon Watts,200000000.0,1892747.0,2021,8.2,768448.0,"Peter Parker's secret identity is revealed to the entire world. Desperate for help, Peter turns to Doctor Strange to make the world forget that he is Spider-Man. The spell goes horribly wrong and shatters the multiverse, bringing in monstrous villains that could destroy the world.",True,True,True,False,False,False,False,False,False,False,False,False,False,False,False,False,False,True,False,False,False
58,The Prestige,Christopher Nolan,40000000.0,109676311.0,2006,8.5,1342912.0,"In the end of the nineteenth century, in London, Robert Angier, his beloved wife Julia McCullough, and Alfred Borden are friends and assistants of a magician. When Julia accidentally dies during a performance, Robert blames Alfred for her death, and they become enemies. Both become famous and rival magicians, sabotaging the performance of the other on the stage. When Alfred performs a successful trick, Robert becomes obsessed trying to disclose the secret of his competitor with tragic consequences.",False,False,True,True,True,False,False,True,False,False,False,False,False,False,False,False,False,False,False,False,False
59,Gandhi,Richard Attenborough,22000000.0,127767889.0,1982,8.0,234016.0,"In 1893, Mohandas K. Gandhi is thrown off a South African train for being an Indian and traveling in a first class compartment. Gandhi realizes that the laws are biased against Indians and decides to start a non-violent protest campaign for the rights of all Indians in South Africa. After numerous arrests and the unwanted attention of the world, the government finally relents by recognizing rights for Indians, though not for the native blacks of South Africa. After this victory, Gandhi is invited back to India, where he is now considered something of a national hero. He is urged to take up the fight for India's independence from the British Empire. Gandhi agrees, and mounts a non-violent non-cooperation campaign of unprecedented scale, coordinating millions of Indians nationwide. There are some setbacks, such as violence against the protesters and Gandhi's occasional imprisonment. Nevertheless, the campaign generates great attention, and Britain faces intense public pressure. Too weak from World War II to continue enforcing its will in India, Britain finally grants India's independence. Indians celebrate this victory, but their troubles are far from over. Religious tensions between Hindus and Muslims erupt into nation-wide violence. Gandhi declares a hunger strike, saying he will not eat until the fighting stops. The fighting does stop eventually, but the country is divided. It is decided that the northwest area of India, and eastern part of India (current day Bangladesh), both places where Muslims are in the majority, will become a new country called Pakistan (West and East Pakistan respectively). It is hoped that by encouraging the Muslims to live in a separate country, violence will abate. Gandhi is opposed to the idea, and is even willing to allow Muhammad Ali Jinnah to become the first prime minister of India, but the Partition of India is carried out nevertheless. Gandhi spends his last days trying to bring about peace between both nations. He thereby angers many dissidents on both sides, one of whom finally gets close enough to assassinate him.",False,False,False,False,True,False,False,False,True,False,True,False,False,False,False,False,False,False,False,False,False
60,Ocean's Eleven,Steven Soderbergh,85000000.0,450717150.0,2001,7.7,582148.0,"Danny Ocean wants to score the biggest heist in history. He combines an eleven member team, including Frank Catton, Rusty Ryan and Linus Caldwell. Their target? The Bellagio, the Mirage and the MGM Grand. All casinos owned by Terry Benedict. It's not going to be easy, as they plan to get in secretly and out with $150 million.",False,False,False,True,False,False,False,False,False,True,False,False,False,False,False,False,False,False,False,False,False
61,Ace Ventura: Pet Detective,Tom Shadyac,12000000.0,107217396.0,1994,6.9,307216.0,"To be a Pet Detective, you have to understand both the criminals and animals. Ace Ventura goes even further... He behaves like a criminal animal. When a football team's mascot (a dolphin) is stolen just before the Superbowl, Ace Ventura is put on the case. Now, who would want to steal a dolphin, and why?",False,False,False,False,False,False,False,False,False,False,False,False,False,True,False,False,False,False,False,False,False
62,A Bridge Too Far,Richard Attenborough,26000000.0,,1977,7.4,57875.0,"The true story of Operation Market Garden, the Allies attempt, in September 1944, to hasten the end of World War II by driving through Belgium and Holland into Germany. The idea was for U.S. airborne divisions to take the towns of Eindhoven and Nijmegen and a British airborne division, reinforced by a Polish airborne brigade, to take the town of Arnhem. They would be reinforced, in due course and in turn, by the British XXX Corps, land-based and driving up from the British lines in the south. The key to the operation was the bridges, as if the Germans held or blew them, the paratroopers could not be relieved. Faulty intelligence, Allied high command hubris, and stubborn German resistance would ensure that Arnhem was a bridge too far.",False,False,False,False,True,False,False,False,False,False,True,True,False,False,False,False,False,False,False,False,False
63,The Batman,Matt Reeves,200000000.0,,2022,7.8,669250.0,"Two years of nights have turned Bruce Wayne into a nocturnal animal. But as he continues to find his way as Gotham's dark knight Bruce is forced into a game of cat and mouse with his biggest threat so far, a manic killer known as ""The Riddler"" who is filled with rage and determined to expose the corrupt system whilst picking off all of Gotham's key political figures. Working with both established and new allies, Bruce must track down the killer and see him brought to justice, while investigating his father's true legacy and questioning the affect that he has had on Gotham so far as ""The Batman.""",True,False,False,True,True,False,False,False,False,True,False,False,False,False,False,False,False,False,False,False,False
64,Tenacious D in the Pick of Destiny,Liam Lynch,,,2006,6.8,110710.0,"This is the story of a friendship that changes the course of rock history forever, of the fateful collision of minds between JB and KG that led to the creation of the precedent-shattering band Tenacious D, and of the two heroes' quest to find the fabled Guitar Pick Of Destiny...",False,True,False,False,False,False,False,False,False,False,False,False,False,True,True,False,False,False,False,True,False
65,Django: Unchained,Quentin Tarantino,100000000.0,425368238.0,2012,8.4,1568350.0,"In 1858, a bounty-hunter named King Schultz seeks out a slave named Django and buys him because he needs him to find some men he is looking for. After finding them, Django wants to find his wife, Broomhilda, who along with him were sold separately by his former owner for trying to escape. Schultz offers to help him if he chooses to stay with him and be his partner. Eventually they learn that she was sold to a plantation in Mississippi. Knowing they can't just go in and say they want her, they come up with a plan so that the owner will welcome them into his home and they can find a way.",False,False,False,False,True,False,False,False,False,False,False,False,True,False,False,False,False,False,False,False,False
66,Baby Driver,Edgar Wright,34000000.0,228104185.0,2017,7.6,550185.0,"Baby is a young and partially hearing impaired getaway driver who can make any wild move while in motion with the right track playing. It's a critical talent he needs to survive his indentured servitude to the crime boss, Doc, who values his role in his meticulously planned robberies. However, just when Baby thinks he is finally free and clear to have his own life with his new girlfriend, Debora, Doc coerces him back for another job. Now saddled with a crew of thugs too violently unstable to keep to Doc's plans, Baby finds himself and everything he cares for in terrible danger. To survive and escape the coming maelstrom, it will take all of Baby's skill, wits and daring, but even on the best track, can he make it when life is forcing him to face the music?",True,False,False,False,True,False,False,False,False,True,False,False,False,False,True,False,False,False,False,False,False
67,The Big Short,Adam McKay,28000000.0,133346506.0,2015,7.8,438163.0,"Three separate but parallel stories of the U.S mortgage housing crisis of 2005 are told. Michael Burry, an eccentric ex-physician turned one-eyed Scion Capital hedge fund manager, has traded traditional office attire for shorts, bare feet and a Supercuts haircut. He believes that the US housing market is built on a bubble that will burst within the next few years. Autonomy within the company allows Burry to do largely as he pleases, so Burry proceeds to bet against the housing market with the banks, who are more than happy to accept his proposal for something that has never happened in American history. The banks believe that Burry is a crackpot and therefore are confident in that they will win the deal. Jared Vennett with Deutschebank gets wind of what Burry is doing and, as an investor believes he too can cash in on Burry's beliefs. An errant telephone call to FrontPoint Partners gets this information into the hands of Mark Baum, an idealist who is fed up with the corruption in the financial industry. Baum and his associates, who work at an arms length under Morgan Stanley, decide to join forces with Vennett despite not totally trusting him. In addition to Burry's information, they further believe that most of the mortgages are overrated by the bond agencies, with the banks collating all the sub-prime mortgages under AAA packages. Charlie Geller and Jamie Shipley, who are minor players in a $30 million start-up garage company called Brownfield, get a hold of Vennett's prospectus on the matter. Wanting in on the action but not having the official clout to play, they decide to call an old ""friend"", retired investment banker Ben Rickert, to help out. All three of these groups work on the premise that the banks are stupid and don't know what's going on, while for them to win, the general economy has to lose, which means the suffering of the general investor who trusts the financial institutions. That latter aspect may not sit well with Baum. Some of these assumptions may be incorrect and may be far more manipulative than they could have ever imagined, which in turn may throw curves into the process.",False,False,False,False,True,False,False,False,True,False,True,False,False,True,False,False,False,False,False,False,False
68,Kung Fury,David Sandberg,,,2023,,,"1985 Miami is kept safe under the watchful eye of Kung Fury and his Thundercops, the ultimate police force assembled from across history to defeat the villainous Kung Fuhrer, Adolf Hitler. After the tragic death of a Thundercop sees the group disband, a mysterious villain emerges from the shadows to aid in the Fuhrer's quest to attain the ultimate weapon. Kung Fury must travel through space and time to save his friends, defend the prestigious Miami Kung Fu Academy and defeat evil once and for all.",True,False,True,False,False,False,False,False,False,True,False,False,False,True,False,False,False,False,False,False,False
69,Superbad,Greg Mottola,20000000.0,169871719.0,2007,7.6,588804.0,"Seth and Evan are best friends, inseparable, navigating the last weeks of high school. Usually shunned by the popular kids, Seth and Evan luck into an invitation to a party, and spend a long day, with the help of their nerdy friend Fogell, trying to score enough alcohol to lubricate the party and inebriate two girls, Jules and Becca, so they can kick-start their sex lives and go off to college with a summer full of experience and new skills. Their quest is complicated by Fogell's falling in with two inept cops who both slow and assist the plan. If they do get the liquor to the party, what then? Is sex the only rite of passage at hand?",False,False,False,False,False,False,False,False,False,False,False,False,False,True,False,False,False,False,False,False,False
70,Casablanca,Michael Curtiz,950000.0,,1942,8.5,575681.0,"The story of Rick Blaine, a cynical world-weary ex-patriate who runs a nightclub in Casablanca, Morocco during the early stages of WWII. Despite the pressure he constantly receives from the local authorities, Rick's cafe has become a kind of haven for refugees seeking to obtain illicit letters that will help them escape to America. But when Ilsa, a former lover of Rick's, and her husband, show up to his cafe one day, Rick faces a tough challenge which will bring up unforeseen complications, heartbreak and ultimately an excruciating decision to make.",False,False,False,False,True,True,False,False,False,False,False,True,False,False,False,False,False,False,False,False,False
71,Blade Runner,Ridley Scott,28000000.0,,1982,8.1,776720.0,"In the early twenty-first century, the Tyrell Corporation, during what was called the Nexus phase, developed robots, called ""replicants"", that were supposed to aid society, the replicants which looked and acted like humans. When the superhuman generation Nexus 6 replicants, used for dangerous off-Earth endeavors, began a mutiny on an off-Earth colony, replicants became illegal on Earth. Police units, called ""blade runners"", have the job of destroying - or in their parlance ""retiring"" - any replicant that makes its way back to or created on Earth, with anyone convicted of aiding or assisting a replicant being sentenced to death. It's now November, 2019 in Los Angeles, California. Rick Deckard, a former blade runner, is called out of retirement when four known replicants, most combat models, have made their way back to Earth, with their leader being Roy Batty. One, Leon Kowalski, tried to infiltrate his way into the Tyrell Corporation as an employee, but has since been able to escape. Beyond following Leon's trail in hopes of finding and retiring them all, Deckard believes part of what will help him is figuring out what the replicants wanted with the Tyrell Corporation in trying to infiltrate it. The answer may lie with Tyrell's fail-safe backup mechanism. Beyond tracking the four, Deckard faces a possible dilemma in encountering a fifth replicant: Rachael, who works as Tyrell's assistant. The issue is that Dr. Elden Tyrell is experimenting with her, to provide her with fake memories so as to be able to better control her. With those memories, Rachael has no idea that she is not human. The problem is not only Rachael's assistance to Deckard, but that he is beginning to develop feelings for her.",True,False,True,True,True,False,False,False,False,False,False,False,False,False,False,False,False,False,False,False,False
72,Blade Runner 2049,Denis Villeneuve,150000000.0,259344059.0,2017,8.0,584995.0,"Thirty years after the events of Blade Runner (1982), a new Blade Runner, L.A.P.D. Officer ""K"" (Ryan Gosling), unearths a long-buried secret that has the potential to plunge what's left of society into chaos. K's discovery leads him on a quest to find Rick Deckard (Harrison Ford), a former L.A.P.D. Blade Runner, who has been missing for thirty years.",True,False,True,True,True,False,False,True,False,False,False,False,False,False,False,False,False,False,False,False,False
73,The Room,Tommy Wiseau,6000000.0,,2003,3.6,90657.0,"In San Francisco, Johnny's live-in fiancee of seven years, Lisa, has been cheating on him with his friend Mark, and Johnny doesn't know. If Johnny ever found out, would Mark still be his best friend? And what other troubles lurk in his life?",False,False,False,False,True,False,False,False,False,False,False,False,False,False,False,False,False,False,False,False,False
74,The Disaster Artist,James Franco,10000000.0,,2017,7.3,156392.0,"Aspiring actor Greg Sestero befriends the eccentric Tommy Wiseau. The two travel to L.A., and when Hollywood rejects them, Tommy decides to write, direct, produce and star in their own movie. That movie is, ""The Room,"" which has attained cult status as the ""Citizen Kane"" of bad movies.",False,False,False,False,True,False,False,False,True,False,False,False,False,True,False,False,False,False,False,False,False
75,Megamind,Tom McGrath,130000000.0,321885765.0,2010,7.3,268819.0,"After super-villain Megamind (Ferrell) kills his good-guy nemesis, Metro Man (Pitt), he becomes bored since there is no one left to fight. He creates a new foe, Titan (Hill), who, instead of using his powers for good, sets out to destroy the world, positioning Megamind to save the day for the first time in his life.",True,False,True,True,False,False,False,True,False,True,False,False,False,True,False,True,True,False,False,False,False
76,Paul,Greg Mottola,40000000.0,101162106.0,2011,6.9,256127.0,"Two sci-fi geeks take a pilgrimage to America's UFO heartland. While there, they accidentally meet an alien who brings them on an insane road trip that alters their universe forever. For the past 60 years, an alien named Paul (voiced by Seth Rogen) has been hanging out at a top-secret military base. When he discovers he's been taken prisoner, the space-traveling smart ass decides to escape the compound and hop on the first vehicle out of town - a rented RV containing Earthlings Graeme Willy (Simon Pegg) and Clive Gollings (Nick Frost). Chased by federal agents and the fanatical father of a young woman that they accidentally kidnap, Graeme and Clive hatch a fumbling escape plan to return Paul to his mother ship. And as two nerds struggle to help, one little green man might just take his fellow outcasts from misfits to intergalactic heroes.",False,True,True,False,False,False,False,False,False,False,False,False,False,True,False,False,False,False,False,False,False
77,Top Gun,Joseph Kosinski,170000000.0,,2022,8.3,520170.0,"Set 30 years after its predecessor, it follows Maverick's return to the United States Navy Strike Fighter Tactics Instructor program (also known as U.S. Navy-Fighter Weapons School - ""TOPGUN""), where he must confront his past as he trains a group of younger pilots, among them the son of Maverick's deceased best friend Lieutenant Nick ""Goose"" Bradshaw, USN.",True,False,False,False,True,False,False,False,False,False,False,False,False,False,False,False,False,False,False,False,False
78,Ali,Michael Mann,107000000.0,87713825.0,2001,6.7,101496.0,"In 1964, a brash new pro boxer, fresh from his Olympic gold medal victory, explodes on to the scene, Cassius Clay. Bold and outspoken, he cuts an entirely new image for African Americans in sport with his proud public self confidence with his unapologetic belief that he is the greatest boxer of all time. To his credit, he sets out to prove that with his highly agile and forceful style soon making him a formidable boxer who soon claims the heavyweight championship. His personal life is no less noteworthy with his allegiance to the Nation of Islam, his friendship with the controversial Malcolm X and his abandonment of his slave name in favor of Muhammad Ali stirring up controversy. Yet, at the top of his game, both Ali's personal and professional lives face the ultimate test with the military draft rules are changed, making him eligible for military induction during the Vietnam War. Despite the fact that he could easily agree to a sweetheart deal that would have meant an easy tour of duty for himself, Ali refuses to submit on principle to cooperate in an unjust war for a racist nation that treated his people so poorly. The cost of that stand is high as he finds himself unable to legally box in his own country while his case is contested in court. What follows is a battle for a man who would sacrifice so much for what he believes in and a comeback that would cement his legend as one of the great sports figures of all time.",False,False,False,False,True,False,False,False,True,False,False,False,False,False,False,False,False,False,True,False,False
79,"Everything, Everywhere, All at Once",Dan Kwan,25000000.0,,2022,8.0,321009.0,"With her laundromat teetering on the brink of failure and her marriage to wimpy husband Waymond on the rocks, overworked Evelyn Wang struggles to cope with everything, including tattered relationships with her judgmental father Gong Gong and her daughter Joy. She must also brace herself for an unpleasant meeting with an impersonal bureaucrat: Deirdre, the shabbily-dressed IRS auditor. However, as the stern agent loses patience, an inexplicable multiverse rift becomes an eye-opening exploration of parallel realities. Will Evelyn jump down the rabbit hole? How many stars are in the universe? Can weary Evelyn fathom the irrepressible force of possibilities, tap into newfound powers, and prevent an evil entity from destroying the thin, countless layers of the unseen world?",True,True,True,False,False,False,False,False,False,False,False,False,False,True,False,False,False,True,False,False,False
80,American Psycho,Mary Harron,7000000.0,34266564.0,2000,7.6,634551.0,"It's the late 1980s. Twenty-seven year old Wall Streeter Patrick Bateman travels among a closed network of the proverbial beautiful people, that closed network in only they able to allow others like themselves in in a feeling of superiority. Patrick has a routinized morning regimen to maintain his appearance of attractiveness and fitness. He, like those in his network, are vain, narcissistic, egomaniacal and competitive, always having to one up everyone else in that presentation of oneself, but he, unlike the others, realizes that, for himself, all of these are masks to hide what is truly underneath, someone/something inhuman in nature. In other words, he is comprised of a shell resembling a human that contains only greed and disgust, greed in wanting what others may have, and disgust for those who do not meet his expectations and for himself in not being the first or the best. That disgust ends up manifesting itself in wanting to rid the world of those people, he not seeing them as people but only of those characteristics he wants to rid.",False,False,False,False,True,False,True,False,False,True,False,False,False,False,False,False,False,False,False,False,False
81,Shaun of the Dead,Edgar Wright,4000000.0,30039392.0,2004,7.9,564026.0,"Shaun (Simon Pegg) doesn't have a very good day, so he decides to turn his life around by getting his ex to take him back, but he times it for right in the middle of what may be a zombie apocalypse. But for him, it's an opportunity to show everyone he knows how useful he is by saving them all. All he has to do is survive, and get his ex back.",False,False,False,False,False,False,True,False,False,False,False,False,False,True,False,False,False,False,False,False,False
82,Silence,Alessandro Antonaci,,,2023,,,"After her father ends up in the hospital, Emma flies back from New York to her hometown in Italy and stays at her parents' home. All alone in the house, she faces an evil entity that is connected to a cursed radio. Emma will have to unveil the dark secret behind the radio to survive the night and protect the ones she loves.",False,False,False,False,False,False,True,False,False,False,False,False,False,False,False,False,False,False,False,False,False
83,Arrival,Denis Villeneuve,47000000.0,203388186.0,2016,7.9,704590.0,"Linguistics professor Louise Banks leads an elite team of investigators when gigantic spaceships touchdown in 12 locations around the world. As nations teeter on the verge of global war, Banks and her crew must race against time to find a way to communicate with the extraterrestrial visitors. Hoping to unravel the mystery, she takes a chance that could threaten her life and quite possibly all of mankind.",False,False,True,False,True,False,False,True,False,False,False,False,False,False,False,False,False,False,False,False,False
84,High Noon,Fred Zinnemann,730000.0,,1952,8.0,105758.0,"On the day he gets married and hangs up his badge, Marshal Will Kane is told that a man he sent to prison years before, Frank Miller, is returning on the noon train to exact his revenge. Having initially decided to leave with his new spouse, Will decides he must go back and face Miller. However, when he seeks the help of the townspeople he has protected for so long, they turn their backs on him. It seems Kane may have to face Miller alone, as well as the rest of Miller's gang, who are waiting for him at the station.",False,False,False,True,True,False,False,False,False,False,False,False,True,False,False,False,False,False,False,False,False
85,Mars Attacks!,Tim Burton,70000000.0,101371017.0,1996,6.4,231437.0,"It is a normal day for everyone, until President of the United States James Dale (Jack Nicholson) announces Martians have been spotted circling Earth. The Martians land and a meeting is arranged, but not everything goes to plan, and the Martians seem to have other plans for Earth. Are they just misunderstood beings or do they really want to destroy all of humanity?",False,False,True,False,False,False,False,False,False,False,False,False,False,True,False,False,False,False,False,False,False
86,Dracula (1992),Francis Ford Coppola,40000000.0,,1992,7.4,221933.0,"This version of Dracula is closely based on Bram Stoker's classic novel. Young barrister Jonathan Harker is assigned to a gloomy village in the mists of eastern Europe. He is captured and imprisoned by the undead vampire Dracula, who travels to London, inspired by a photograph of Harker's betrothed, Mina Murray. In Britain, Dracula begins a reign of seduction and terror, draining the life from Mina's closest friend, Lucy Westenra. Lucy's friends gather together to try to drive Dracula away.",False,False,False,False,True,True,True,False,False,False,False,False,False,False,False,False,False,True,False,False,False
87,Her,Spike Jonze,23000000.0,47351251.0,2013,8.0,622350.0,"Theodore is a lonely man in the final stages of his divorce. When he's not working as a letter writer, his down time is spent playing video games and occasionally hanging out with friends. He decides to purchase the new OS1, which is advertised as the world's first artificially intelligent operating system, ""It's not just an operating system, it's a consciousness,"" the ad states. Theodore quickly finds himself drawn in with Samantha, the voice behind his OS1. As they start spending time together they grow closer and closer and eventually find themselves in love. Having fallen in love with his OS, Theodore finds himself dealing with feelings of both great joy and doubt. As an OS, Samantha has powerful intelligence that she uses to help Theodore in ways others hadn't, but how does she help him deal with his inner conflict of being in love with an OS?",False,False,True,False,True,True,False,False,False,False,False,False,False,False,False,False,False,False,False,False,False
88,The Shining,Stanley Kubrick,19000000.0,17469946.0,1980,8.4,1031019.0,"Haunted by a persistent writer's block, the aspiring author and recovering alcoholic, Jack Torrance, drags his wife, Wendy, and his gifted son, Danny, up snow-capped Colorado's secluded Overlook Hotel after taking up a job as an off-season caretaker. As the cavernous hotel shuts down for the season, the manager gives Jack a grand tour, and the facility's chef, the ageing Mr Hallorann, has a fascinating chat with Danny about a rare psychic gift called ""The Shining"", making sure to warn him about the hotel's abandoned rooms, and, in particular, the off-limits Room 237. However, instead of overcoming the dismal creative rut, little by little, Jack starts losing his mind, trapped in an unforgiving environment of seemingly endless snowstorms, and a gargantuan silent prison riddled with strange occurrences and eerie visions. Now, the incessant voices inside Jack's head demand sacrifice. Is Jack capable of murder?",False,False,False,False,True,False,True,False,False,False,False,False,False,False,False,False,False,False,False,False,False
89,Bruce Almighty,Tom Shadyac,81000000.0,484572835.0,2003,6.8,410118.0,"Bruce Nolan, a television reporter in Buffalo, N.Y., is discontented with almost everything in life despite his popularity and the love of his girlfriend Grace . At the end of the worst day of his life, Bruce angrily ridicules and rages against God and God responds. God appears in human form and, endowing Bruce with divine powers, challenges Bruce to take on the big job to see if he can do it any better.",False,False,False,False,False,False,False,False,False,False,False,False,False,True,False,False,False,True,False,False,False
90,Pacific Rim,Guillermo del Toro,190000000.0,411002906.0,2013,6.9,507446.0,"When monstrous creatures, known as Kaiju, started rising from the sea, a war began that would take millions of lives and consume humanity's resources for years on end. To combat the giant Kaiju, a special type of weapon was devised: massive robots, called Jaegers, which are controlled simultaneously by two pilots whose minds are locked in a neural bridge. But even the Jaegers are proving nearly defenseless in the face of the relentless Kaiju. On the verge of defeat, the forces defending mankind have no choice but to turn to two unlikely heroes - a washed up former pilot (Charlie Hunnam) and an untested trainee (Rinko Kikuchi) - who are teamed to drive a legendary but seemingly obsolete Jaeger from the past. Together, they stand as mankind's last hope against the mounting apocalypse.",True,True,True,False,False,False,False,False,False,False,False,False,False,False,False,False,False,False,False,False,False
91,Godfather,Francis Ford Coppola,6000000.0,245066411.0,1972,9.2,1872837.0,"The Godfather ""Don"" Vito Corleone is the head of the Corleone mafia family in New York. He is at the event of his daughter's wedding. Michael, Vito's youngest son and a decorated WW II Marine is also present at the wedding. Michael seems to be uninterested in being a part of the family business. Vito is a powerful man, and is kind to all those who give him respect but is ruthless against those who do not. But when a powerful and treacherous rival wants to sell drugs and needs the Don's influence for the same, Vito refuses to do it. What follows is a clash between Vito's fading old values and the new ways which may cause Michael to do the thing he was most reluctant in doing and wage a mob war against all the other mafia families which could tear the Corleone family apart.",False,False,False,False,True,False,False,False,False,True,False,False,False,False,False,False,False,False,False,False,False
92,Napoleon Dynamite,Jared Hess,400000.0,46118097.0,2004,6.9,224251.0,"Preston, Idaho's most curious resident, Napoleon Dynamite, lives with his grandma and his 32-year-old brother (who cruises chat rooms for ladies) and works to help his best friend, Pedro, snatch the Student Body President title from mean teen Summer Wheatley.",False,False,False,False,False,False,False,False,False,False,False,False,False,True,False,False,False,False,False,False,False
93,North by Northwest,Alfred Hitchcock,3101000.0,22213000.0,1959,8.3,330842.0,"Madison Avenue advertising man Roger Thornhill finds himself thrust into the world of spies when he is mistaken for a man by the name of George Kaplan. Foreign spy Philip Vandamm and his henchman Leonard try to eliminate him but when Thornhill tries to make sense of the case, he is framed for murder. Now on the run from the police, he manages to board the 20th Century Limited bound for Chicago where he meets a beautiful blond, Eve Kendall, who helps him to evade the authorities. His world is turned upside down yet again when he learns that Eve isn't the innocent bystander he thought she was. Not all is as it seems however, leading to a dramatic rescue and escape at the top of Mt. Rushmore.",True,True,False,True,False,False,False,True,False,False,False,False,False,False,False,False,False,False,False,False,False
94,Fight Club,David Fincher,63000000.0,71000000.0,1999,8.8,2143474.0,"A nameless first person narrator (Edward Norton) attends support groups in attempt to subdue his emotional state and relieve his insomniac state. When he meets Marla (Helena Bonham Carter), another fake attendee of support groups, his life seems to become a little more bearable. However when he associates himself with Tyler (Brad Pitt) he is dragged into an underground fight club and soap making scheme. Together the two men spiral out of control and engage in competitive rivalry for love and power.",False,False,False,False,True,False,False,False,False,False,False,False,False,False,False,False,False,False,False,False,False
95,In The Mouth of Madness,John Carpenter,8000000.0,,1994,7.1,71894.0,"With the disappearance of hack horror writer Sutter Cane, all Hell is breaking loose...literally! Author Cane, it seems, has a knack for description that really brings his evil creepy-crawlies to life. Insurance investigator John Trent is sent to investigate Cane's mysterious vanishing act and ends up in the sleepy little East Coast town of Hobb's End. The fact that this town exists as a figment of Cane's twisted imagination is only the beginning of Trent's problems.",False,False,False,True,True,False,True,True,False,False,False,False,False,False,False,False,False,True,False,False,False
96,Face/Off,John Woo,80000000.0,128000000.0,1997,7.3,382276.0,"Sean Archer, a very tough, rugged FBI Agent, is still grieving for his dead son Michael. Archer believes that his son's killer is his sworn enemy and a very powerful criminal, Castor Troy. One day, Archer has finally cornered Castor, however, their fight has knocked out Troy cold. As Archer finally breathes easy over the capture of his enemy, he finds out that Troy has planted a bomb that will destroy the entire city of Los Angeles and all of its inhabitants. Unfortunately the only other person who knows its location is Castor's brother Pollux, and he refuses to talk. The solution, a special operation doctor that can cut off people's faces, and can place a person's face onto another person. Archer undergoes one of those surgeries to talk to Pollux. However, Castor Troy somehow regains consciousness and now wants revenge on Archer for taking his face. Not only is Troy ruining Archer's mission, but his personal life as well. Archer must stop Troy again. This time, it's personal.",True,False,True,True,False,False,False,False,False,True,False,False,False,False,False,False,False,False,False,False,False
97,Roma,Alfonso Cuar,,,2018,7.7,161159.0,"Cleo is one of two domestic workers who help Antonio and Sofa take care of their four children in 1970s Mexico City. Complications soon arise when Antonio suddenly runs away with his mistress and Cleo finds out that she's pregnant. When Sofa decides to take the kids on vacation, she invites Cleo for a much-needed getaway to clear her mind and bond with the family.",False,False,False,False,True,False,False,False,False,False,False,False,False,False,False,False,False,False,False,False,False
98,Avatar,James Cameron,350000000.0,,2022,7.8,287081.0,,True,True,True,False,False,False,False,False,False,False,False,False,False,False,False,False,False,True,False,False,False
99,Austin Powers,Jay Roach,17000000.0,67683989.0,1997,7.0,244435.0,"Austin Powers is a 60's spy who is cryogenically frozen and released in the 1990's. The world is a very different place for Powers. Unfortunately for Austin, everyone is no longer sex-mad. Although he may be in a different decade, his mission is still the same. He has teamed up with Vanessa Kensington to stop the evil Dr. Evil, who was also frozen in the past. Dr. Evil stole a nuclear weapon and is demanding a payment of (when he realizes its the 90's) 100 billion dollars. Can Austin Powers stop this madman? or will he caught up with Evil's henchman, with names like Alotta Fagina and Random Task? Only time will tell.",False,True,False,False,False,False,False,False,False,False,False,False,False,True,False,False,False,False,False,False,False
100,Jagten,Thomas Vinterberg,3800000.0,18309793.0,2012,8.3,334566.0,"Lucas is a Kindergarten teacher who takes great care of his students. Unfortunately for him, young Klara has a run-away imagination and concocts a lie about her teacher. Before Lucas is even able to understand the consequences, he has become the outcast of the town. The hunt is on to prove his innocence before it's taken from him for good.",False,False,False,False,True,False,False,False,False,False,False,False,False,False,False,False,False,False,False,False,False
101,Avatar: The Way of Water,James Cameron,350000000.0,,2022,7.8,287081.0,,True,True,True,False,False,False,False,False,False,False,False,False,False,False,False,False,False,True,False,False,False
102,No Country For Old Men,Ethan Coen,25000000.0,171627166.0,2007,8.2,983162.0,"In rural Texas, welder and hunter Llewelyn Moss (Josh Brolin) discovers the remains of several drug runners who have all killed each other in an exchange gone violently wrong. Rather than report the discovery to the police, Moss decides to simply take the two million dollars present for himself. This puts the psychopathic killer, Anton Chigurh (Javier Bardem), on his trail as he dispassionately murders nearly every rival, bystander and even employer in his pursuit of his quarry and the money. As Moss desperately attempts to keep one step ahead, the blood from this hunt begins to flow behind him with relentlessly growing intensity as Chigurh closes in. Meanwhile, the laconic Sheriff Ed Tom Bell (Tommy Lee Jones) blithely oversees the investigation even as he struggles to face the sheer enormity of the crimes he is attempting to thwart.",False,False,False,True,True,False,False,False,False,True,False,False,False,False,False,False,False,False,False,False,False
103,Sing Street,John Carney,,,2016,7.9,96037.0,"As everybody moves to the beat of Pop music in early-1980s Dublin, sensitive teenager Conor struggles to cope with a tense family relationship, reconnect with his older brother Brendan, and, above all, deal with the hostile environment in his new public school. Then, one day, he sees her. Tall, with long chestnut hair, a buttery complexion, and big, dark eyes; an enigmatically beautiful girl standing in front of the school's gate, indolently observing people passing by. To get noticed by the distant girl, Raphina, Conor enlists the help of a group of teenage dreamers to form a band and, surprisingly, with every lyric he writes, the gap narrows; and with every song he plays, her heart brims over with affection. Now, before a sea of opportunities, what does the future hold for a brave love like this?",False,False,False,False,True,True,False,False,False,False,False,False,False,True,True,False,False,False,False,False,False
104,RRR,S,3500000.0,0,2022,7.9,135061,"During the British era, Malli, a small tribal girl, is taken away by British governor Scott Buxton and his wife Catherine against the wishes of her mother. Rama Raju is an Indian cop who works for the British army; for him duty comes first, and he is very ruthless to revolutionary Indians but is never given his due by British government. The British government find that a tribal Komaram Bheem, who considers Malli his sister, has started his search for her and could be an obstacle for the British army. The governor and his wife announce a special post for any officer who can bring Bheem to them. Rama Raju decides to take the matters into his own hands and promises the government to bring him in dead or alive. Bheem by now has reached he city in search of Malli and pretends to be a mechanic, Akhtar. During a train accident on a lake he and Rama Raju risk their lives and save a kid and become best of friends. But each man will clash with the other and will thirst for each other's blood in order to complete their missions.",True,True,False,False,True,False,False,False,False,False,False,False,False,False,False,False,False,False,False,False,False
